value,param
15.81300259,a
3943.977356,k
0.275530195,l
0.089910269,death1
0.024988184,f
