"","Replicates","daphnia_survival","sd"
"209","15",20.7,0.26
"210","6",50.41,20.9331393834787
"211","9",28.4,NA
"216","20",85.8,24.8705519946405
"217","20",74.2,30.8029772410685
"218","20",40.5,6.84510605357079
"219","20",76.8,18.9381267482125
"220","20",71.6,26.6959136089261
"221","20",48.3,20.078977757141
