Replicates,daphnia_survival,sd
15,20.7,0.26
6,50.41,20.93313938
9,28.4,NA
20,85.8,24.87055199
20,74.2,30.80297724
20,40.5,6.845106054
20,76.8,18.93812675
20,71.6,26.69591361
20,48.3,20.07897776
